request_id,amount_safe_to_pay,affordability_status,recommended_payment_method,payment_plan,earliest_date_for_full_payment,spending_changes_needed,decision_explanation
request_26,15656000,affordable_now,full_payment,2025-08-03:15656000,2025-08-03,none,pay IDR 1.5656e+07 today. This keeps the IDR 2.47683e+07 minimum available over the next 90 days.
request_27,2817.13,not_affordable,not_recommended,none,,none,Do not proceed with the ZAR 6670 request. No eligible payment keeps the ZAR 20500 minimum protected.
request_28,316.90,affordable_later,wait,2024-06-14:1302.40,2024-06-14,none,Pay EUR 1302.4 in full on 2024-06-14. Paying earlier would put the EUR 1100 minimum at risk.
request_29,0,not_affordable,not_recommended,none,,none,Do not proceed with the ZAR 51524 request. No eligible payment keeps the ZAR 28300 minimum protected.
request_30,775.20,affordable_with_plan,installments,2026-04-06:268.74|2026-05-06:268.74|2026-06-05:268.74,2026-04-07,none,"use 3 installments of USD 268.74, starting 2026-04-06. This leaves at least USD 900 available. Plan: 2026-04-06:268.74|2026-05-06:268.74|2026-06-05:268.74."
request_31,9718696.86,affordable_later,wait,2024-09-13:18164000,2024-09-13,none,Pay IDR 1.8164e+07 in full on 2024-09-13. Paying earlier would put the IDR 1.65889e+07 minimum at risk.
request_32,0,not_affordable,not_recommended,none,,none,Do not proceed with the ZAR 40018 request. No eligible payment keeps the ZAR 35700 minimum protected.
request_33,48498.81,affordable_later,wait,2026-03-15:118000,2026-03-15,none,Pay INR 118000 in full on 2026-03-15. Paying earlier would put the INR 102100 minimum at risk.
request_34,59479.06,not_affordable,not_recommended,none,,none,Do not proceed with the INR 129400 request. No eligible payment keeps the INR 138500 minimum protected.
request_35,33509.73,affordable_later,wait,2026-01-13:212000,2026-01-13,none,Pay INR 212000 in full on 2026-01-13. Paying earlier would put the INR 106400 minimum at risk.
request_36,578.78,affordable_later,wait,2026-09-13:3954,2026-09-13,none,Pay USD 3954 in full on 2026-09-13. Paying earlier would put the USD 2400 minimum at risk.
request_37,4513944.47,affordable_later,wait,2024-03-16:14649000,2024-03-16,none,Pay IDR 1.4649e+07 in full on 2024-03-16. Paying earlier would put the IDR 1.70562e+07 minimum at risk.
request_38,252.44,affordable_later,wait,2025-10-13:971.30,2025-10-13,none,Pay EUR 971.3 in full on 2025-10-13. Paying earlier would put the EUR 400 minimum at risk.
request_39,133096.51,affordable_later,wait,2026-04-14:208600,2026-04-14,none,Pay INR 208600 in full on 2026-04-14. Paying earlier would put the INR 213400 minimum at risk.
request_40,0,not_affordable,not_recommended,none,,none,Do not proceed with the EUR 1290.3 request. No eligible payment keeps the EUR 1500 minimum protected.
request_41,9155129.80,affordable_later,wait,2025-11-14:38760000,2025-11-14,none,Pay IDR 3.876e+07 in full on 2025-11-14. Paying earlier would put the IDR 2.53666e+07 minimum at risk.
request_42,52100,affordable_now,full_payment,2026-01-05:52100,2026-01-05,none,pay INR 52100 today. This keeps the INR 113100 minimum available over the next 90 days.
request_43,11485500,affordable_later,wait,2024-11-13:43339000,2024-11-13,none,Pay IDR 4.3339e+07 in full on 2024-11-13. Paying earlier would put the IDR 2.1398e+07 minimum at risk.
request_44,0,not_affordable,not_recommended,none,,none,Do not proceed with the INR 95800 request. No eligible payment keeps the INR 82900 minimum protected.
request_45,4486288.14,affordable_later,wait,2026-09-13:21983000,2026-09-13,none,Pay IDR 2.1983e+07 in full on 2026-09-13. Paying earlier would put the IDR 1.11498e+07 minimum at risk.
request_46,49449.99,affordable_with_plan,partial_payment,2024-12-03:49449.99|2024-12-04:0.01,2024-12-03,none,Pay INR 49450 today and the remaining INR 0.01 on 2024-12-04. This completes the full request and keeps the INR 84000 minimum protected.
request_47,0,not_affordable,not_recommended,none,,none,Do not proceed with the IDR 3.8114e+07 request. No eligible payment keeps the IDR 3.0049e+07 minimum protected.
request_48,45700,affordable_now,full_payment,2026-07-25:45700,2026-07-25,none,pay INR 45700 today. This keeps the INR 71300 minimum available over the next 90 days.
request_49,13933390.77,affordable_with_plan,installments,2024-03-18:11902106.67|2024-04-18:11902106.67|2024-05-19:11902106.67,2024-03-14,none,"use 3 installments of IDR 1.19021e+07, starting 2024-03-18. This leaves at least IDR 2.02757e+07 available. Plan: 2024-03-18:11902106.67|2024-04-18:11902106.67|2024-05-19:11902106.67."
request_50,43900,affordable_now,full_payment,2025-08-06:43900,2025-08-06,none,pay INR 43900 today. This keeps the INR 99700 minimum available over the next 90 days.
request_51,2191000,affordable_now,full_payment,2026-01-03:2191000,2026-01-03,none,pay IDR 2.191e+06 today. This keeps the IDR 7.811e+06 minimum available over the next 90 days.
request_52,23666.53,affordable_later,wait,2024-06-14:28870,2024-06-14,none,Pay INR 28870 in full on 2024-06-14. Paying earlier would put the INR 41500 minimum at risk.
request_53,739.67,affordable_with_plan,installments,2025-11-21:589.06|2025-12-19:589.06|2026-01-16:589.06,2026-01-13,none,"use 3 installments of USD 589.06, starting 2025-11-21. This leaves at least USD 2100 available. Plan: 2025-11-21:589.06|2025-12-19:589.06|2026-01-16:589.06."
request_54,5976.34,not_affordable,not_recommended,none,,none,Do not proceed with the ZAR 121528 request. No eligible payment keeps the ZAR 37000 minimum protected.
request_55,137723.70,affordable_with_plan,installments,2026-06-11:75781.33|2026-07-12:75781.33|2026-08-12:75781.33,2026-07-14,none,"use 3 installments of INR 75781.3, starting 2026-06-11. This leaves at least INR 124300 available. Plan: 2026-06-11:75781.33|2026-07-12:75781.33|2026-08-12:75781.33."
request_56,624.29,affordable_with_plan,partial_payment,2025-02-03:624.29|2025-02-14:257.27,2025-02-14,none,Pay USD 624.29 today and the remaining USD 257.27 on 2025-02-14. This completes the full request and keeps the USD 2100 minimum protected.
request_57,15993.85,affordable_later,wait,2026-06-13:61446,2026-06-13,none,Pay ZAR 61446 in full on 2026-06-13. Paying earlier would put the ZAR 42700 minimum at risk.
request_58,16226000,affordable_now,full_payment,2024-12-07:16226000,2024-12-07,none,pay IDR 1.6226e+07 today. This keeps the IDR 1.44339e+07 minimum available over the next 90 days.
request_59,125388.80,affordable_with_plan,installments,2025-05-07:48741.33|2025-06-04:48741.33|2025-07-02:48741.33,,stop:event_5471|reduce_to:event_5537:3930,"Apply spending changes (stop:event_5471|reduce_to:event_5537:3930), then use 3 installments of INR 48741.3, starting 2025-05-07. This leaves at least INR 132600 available. Plan: 2025-05-07:48741.33|2025-06-04:48741.33|2025-07-02:48741.33."
request_60,149.45,affordable_later,wait,2026-01-14:199.89,2026-01-14,none,Pay USD 199.89 in full on 2026-01-14. Paying earlier would put the USD 400 minimum at risk.
request_61,21954.01,not_affordable,not_recommended,none,,none,Do not proceed with the ZAR 29062 request. No eligible payment keeps the ZAR 36700 minimum protected.
request_62,0,not_affordable,not_recommended,none,,none,Do not proceed with the USD 404.23 request. No eligible payment keeps the USD 1300 minimum protected.
request_63,37494.87,not_affordable,not_recommended,none,,none,Do not proceed with the INR 343900 request. No eligible payment keeps the INR 153500 minimum protected.
request_64,0,not_affordable,not_recommended,none,,none,Do not proceed with the INR 63700 request. No eligible payment keeps the INR 36100 minimum protected.
request_65,7717.96,not_affordable,not_recommended,none,,none,Do not proceed with the ZAR 54340 request. No eligible payment keeps the ZAR 15500 minimum protected.
request_66,22200,affordable_now,full_payment,2026-04-03:22200,2026-04-03,none,pay INR 22200 today. This keeps the INR 80700 minimum available over the next 90 days.
request_67,420.57,affordable_later,wait,2024-09-13:2094,2024-09-13,none,Pay USD 2094 in full on 2024-09-13. Paying earlier would put the USD 1200 minimum at risk.
request_68,1440.68,affordable_with_plan,installments,2025-02-14:725.09|2025-03-14:725.09|2025-04-11:725.09,2025-02-13,none,"use 3 installments of USD 725.09, starting 2025-02-14. This leaves at least USD 1500 available. Plan: 2025-02-14:725.09|2025-03-14:725.09|2025-04-11:725.09."
request_69,529.10,affordable_now,full_payment,2026-01-04:529.10,2026-01-04,none,pay EUR 529.1 today. This keeps the EUR 700 minimum available over the next 90 days.
request_70,50673.92,affordable_later,wait,2025-02-13:243900,2025-02-13,none,Pay INR 243900 in full on 2025-02-13. Paying earlier would put the INR 115000 minimum at risk.
request_71,309656.69,not_affordable,not_recommended,none,,none,Do not proceed with the IDR 2.1451e+07 request. No eligible payment keeps the IDR 8.8848e+06 minimum protected.
request_72,0,not_affordable,not_recommended,none,,none,Do not proceed with the ZAR 11330 request. No eligible payment keeps the ZAR 12200 minimum protected.
request_73,71400,affordable_now,full_payment,2023-01-20:71400,2023-01-20,none,pay INR 71400 today. This keeps the INR 103200 minimum available over the next 90 days.
request_74,0,not_affordable,not_recommended,none,,none,Do not proceed with the ZAR 5010 request. No eligible payment keeps the ZAR 21900 minimum protected.
request_75,28270,affordable_with_plan,installments,2026-04-09:9800.27|2026-05-09:9800.27|2026-06-08:9800.27,2026-04-06,none,"use 3 installments of ZAR 9800.27, starting 2026-04-09. This leaves at least ZAR 39000 available. Plan: 2026-04-09:9800.27|2026-05-09:9800.27|2026-06-08:9800.27."
request_76,816.52,not_affordable,not_recommended,none,,none,Do not proceed with the USD 4455.6 request. No eligible payment keeps the USD 1800 minimum protected.
request_77,60700,affordable_now,full_payment,2025-11-05:60700,2025-11-05,none,pay INR 60700 today. This keeps the INR 82200 minimum available over the next 90 days.
request_78,45738.03,not_affordable,not_recommended,none,2025-10-15,none,Do not proceed with the INR 50200 request. No eligible payment keeps the INR 55200 minimum protected.
request_79,690.29,not_affordable,not_recommended,none,2024-11-13,none,Do not proceed with the EUR 2151.6 request. No eligible payment keeps the EUR 1000 minimum protected.
request_80,126303.01,not_affordable,not_recommended,none,,none,Do not proceed with the INR 217500 request. No eligible payment keeps the INR 121300 minimum protected.
request_81,2076,affordable_now,full_payment,2026-07-03:2076,2026-07-03,none,pay USD 2076 today. This keeps the USD 1600 minimum available over the next 90 days.
request_82,353.02,affordable_later,wait,2024-12-15:1405.20,2024-12-15,none,Pay USD 1405.2 in full on 2024-12-15. Paying earlier would put the USD 1100 minimum at risk.
request_83,0,not_affordable,not_recommended,none,,none,Do not proceed with the INR 156200 request. No eligible payment keeps the INR 37800 minimum protected.
request_84,33331.14,affordable_later,wait,2026-06-13:95400,2026-06-13,none,Pay INR 95400 in full on 2026-06-13. Paying earlier would put the INR 91300 minimum at risk.
request_85,858725.16,not_affordable,not_recommended,none,2024-04-13,none,Do not proceed with the IDR 1.9304e+07 request. No eligible payment keeps the IDR 6.3963e+06 minimum protected.
request_86,46300,affordable_now,full_payment,2025-08-03:46300,2025-08-03,none,pay INR 46300 today. This keeps the INR 84900 minimum available over the next 90 days.
request_87,0,not_affordable,not_recommended,none,,none,Do not proceed with the INR 487900 request. No eligible payment keeps the INR 185900 minimum protected.
request_88,10746.68,affordable_with_plan,installments,2024-06-14:9045.23|2024-07-15:9045.23|2024-08-15:9045.23,2024-07-14,none,"use 3 installments of ZAR 9045.23, starting 2024-06-14. This leaves at least ZAR 25800 available. Plan: 2024-06-14:9045.23|2024-07-15:9045.23|2024-08-15:9045.23."
request_89,9281279.57,affordable_with_plan,installments,2025-11-18:4768746.67|2025-12-16:4768746.67|2026-01-13:4768746.67,2025-11-14,none,"use 3 installments of IDR 4.76875e+06, starting 2025-11-18. This leaves at least IDR 1.25347e+07 available. Plan: 2025-11-18:4768746.67|2025-12-16:4768746.67|2026-01-13:4768746.67."
request_90,0,affordable_with_plan,full_payment,2026-07-06:2560,,reduce_to:event_8438:193.60|reduce_to:event_8439:234.96|reduce_to:event_8476:275,"Apply spending changes (reduce_to:event_8438:193.60|reduce_to:event_8439:234.96|reduce_to:event_8476:275), then pay ZAR 2560 today. This keeps the ZAR 7600 minimum available over the next 90 days."
request_91,1105.89,affordable_later,wait,2024-11-13:1927.20,2024-11-13,none,Pay EUR 1927.2 in full on 2024-11-13. Paying earlier would put the EUR 2100 minimum at risk.
request_92,34034,affordable_now,full_payment,2025-02-05:34034,2025-02-05,none,pay ZAR 34034 today. This keeps the ZAR 28100 minimum available over the next 90 days.
request_93,1729.20,affordable_now,full_payment,2026-04-07:1729.20,2026-04-07,none,pay USD 1729.2 today. This keeps the USD 1900 minimum available over the next 90 days.
request_94,572,affordable_now,full_payment,2024-12-04:572,2024-12-04,none,pay EUR 572 today. This keeps the EUR 600 minimum available over the next 90 days.
request_95,61054.61,not_affordable,not_recommended,none,,none,Do not proceed with the INR 553000 request. No eligible payment keeps the INR 145500 minimum protected.
request_96,77066.03,affordable_with_plan,installments,2026-01-10:31269.33|2026-02-09:31269.33|2026-03-11:31269.33,2026-01-14,none,"use 3 installments of INR 31269.3, starting 2026-01-10. This leaves at least INR 56500 available. Plan: 2026-01-10:31269.33|2026-02-09:31269.33|2026-03-11:31269.33."
request_97,1497.80,affordable_with_plan,installments,2024-03-19:8145.28|2024-04-19:8145.28|2024-05-20:8145.28,2024-03-15,none,"use 3 installments of ZAR 8145.28, starting 2024-03-19. This leaves at least ZAR 29700 available. Plan: 2024-03-19:8145.28|2024-04-19:8145.28|2024-05-20:8145.28."
request_98,11194.46,affordable_later,wait,2025-10-13:27148,2025-10-13,none,Pay ZAR 27148 in full on 2025-10-13. Paying earlier would put the ZAR 30000 minimum at risk.
request_99,17231.30,affordable_with_plan,full_payment,2026-07-04:18062,2026-07-15,reduce_to:event_9232:1065.90,"Apply spending changes (reduce_to:event_9232:1065.90), then pay ZAR 18062 today. This keeps the ZAR 49100 minimum available over the next 90 days."
request_100,25712.52,affordable_with_plan,installments,2024-06-13:12866.19|2024-07-14:12866.19|2024-08-14:12866.19,2024-06-14,none,"use 3 installments of ZAR 12866.2, starting 2024-06-13. This leaves at least ZAR 32500 available. Plan: 2024-06-13:12866.19|2024-07-14:12866.19|2024-08-14:12866.19."
request_101,143500,affordable_now,full_payment,2025-11-03:143500,2025-11-03,none,pay INR 143500 today. This keeps the INR 187400 minimum available over the next 90 days.
request_102,1716,affordable_with_plan,installments,2026-04-05:594.88|2026-05-05:594.88|2026-06-04:594.88,2026-04-07,none,"use 3 installments of EUR 594.88, starting 2026-04-05. This leaves at least EUR 900 available. Plan: 2026-04-05:594.88|2026-05-05:594.88|2026-06-04:594.88."
request_103,23947.58,not_affordable,not_recommended,none,2024-10-13,none,Do not proceed with the INR 368300 request. No eligible payment keeps the INR 125500 minimum protected.
request_104,17204,affordable_now,full_payment,2025-02-04:17204,2025-02-04,none,pay ZAR 17204 today. This keeps the ZAR 24700 minimum available over the next 90 days.
request_105,51969.08,affordable_with_plan,full_payment,2026-06-08:53500,2026-08-13,reduce_to:event_9720:1632,"Apply spending changes (reduce_to:event_9720:1632), then pay INR 53500 today. This keeps the INR 73900 minimum available over the next 90 days."
request_106,978.79,affordable_later,wait,2025-01-14:2207.70,2025-01-14,none,Pay EUR 2207.7 in full on 2025-01-14. Paying earlier would put the EUR 1200 minimum at risk.
request_107,0,not_affordable,not_recommended,none,,none,Do not proceed with the EUR 2534.4 request. No eligible payment keeps the EUR 1600 minimum protected.
request_108,1957.79,not_affordable,not_recommended,none,2026-09-13,none,Do not proceed with the ZAR 55308 request. No eligible payment keeps the ZAR 24100 minimum protected.
request_109,648.33,affordable_with_plan,installments,2024-03-18:645.98|2024-04-18:645.98|2024-05-19:645.98,2024-03-15,none,"use 3 installments of EUR 645.98, starting 2024-03-18. This leaves at least EUR 1700 available. Plan: 2024-03-18:645.98|2024-04-18:645.98|2024-05-19:645.98."
request_110,18556.83,not_affordable,not_recommended,none,,none,Do not proceed with the ZAR 22352 request. No eligible payment keeps the ZAR 11200 minimum protected.
request_111,16625000,affordable_now,full_payment,2026-04-03:16625000,2026-04-03,none,pay IDR 1.6625e+07 today. This keeps the IDR 2.30228e+07 minimum available over the next 90 days.
request_112,0,not_affordable,not_recommended,none,,none,Do not proceed with the EUR 271.7 request. No eligible payment keeps the EUR 500 minimum protected.
request_113,25113.97,affordable_later,wait,2026-09-14:36500,2026-09-14,none,Pay INR 36500 in full on 2026-09-14. Paying earlier would put the INR 82300 minimum at risk.
request_114,62180.89,affordable_with_plan,full_payment,2026-01-04:65300,2026-01-14,stop:event_10558|stop:event_10559,"Apply spending changes (stop:event_10558|stop:event_10559), then pay INR 65300 today. This keeps the INR 113400 minimum available over the next 90 days."
request_115,14790.16,affordable_later,wait,2024-11-13:80500,2024-11-13,none,Pay INR 80500 in full on 2024-11-13. Paying earlier would put the INR 38800 minimum at risk.
request_116,12669.38,not_affordable,not_recommended,none,,none,Do not proceed with the INR 241200 request. No eligible payment keeps the INR 80300 minimum protected.
request_117,861.33,affordable_with_plan,full_payment,2026-07-05:880,2026-07-15,stop:event_10833,"Apply spending changes (stop:event_10833), then pay EUR 880 today. This keeps the EUR 1000 minimum available over the next 90 days."
request_118,714.59,affordable_with_plan,installments,2024-12-07:255.87|2025-01-07:255.87|2025-02-07:255.87,2024-12-15,none,"use 3 installments of EUR 255.87, starting 2024-12-07. This leaves at least EUR 600 available. Plan: 2024-12-07:255.87|2025-01-07:255.87|2025-02-07:255.87."
request_119,1963.79,not_affordable,not_recommended,none,,none,Do not proceed with the INR 203500 request. No eligible payment keeps the INR 151200 minimum protected.
request_120,7714000,affordable_now,full_payment,2026-04-06:7714000,2026-04-06,none,pay IDR 7.714e+06 today. This keeps the IDR 2.00503e+07 minimum available over the next 90 days.
request_121,633.60,affordable_now,full_payment,2024-03-03:633.60,2024-03-03,none,pay USD 633.6 today. This keeps the USD 800 minimum available over the next 90 days.
request_122,18241100.06,not_affordable,not_recommended,none,,none,Do not proceed with the IDR 2.0558e+07 request. No eligible payment keeps the IDR 1.25885e+07 minimum protected.
request_123,0,not_affordable,not_recommended,none,,none,Do not proceed with the IDR 4.076e+06 request. No eligible payment keeps the IDR 1.80912e+07 minimum protected.
request_124,1543.69,affordable_with_plan,installments,2024-06-11:1076.12|2024-07-12:1076.12|2024-08-12:1076.12,2024-06-14,none,"use 3 installments of EUR 1076.12, starting 2024-06-11. This leaves at least EUR 1600 available. Plan: 2024-06-11:1076.12|2024-07-12:1076.12|2024-08-12:1076.12."
request_125,6468,affordable_now,full_payment,2025-11-06:6468,2025-11-06,none,pay ZAR 6468 today. This keeps the ZAR 11300 minimum available over the next 90 days.
request_126,16516.23,not_affordable,not_recommended,none,,none,Do not proceed with the INR 159600 request. No eligible payment keeps the INR 129700 minimum protected.
request_127,0,not_affordable,not_recommended,none,,none,Do not proceed with the ZAR 23980 request. No eligible payment keeps the ZAR 41000 minimum protected.
request_128,25168,affordable_now,full_payment,2025-02-07:25168,2025-02-07,none,pay ZAR 25168 today. This keeps the ZAR 42600 minimum available over the next 90 days.
request_129,117.73,not_affordable,not_recommended,none,,none,Do not proceed with the USD 2668.8 request. No eligible payment keeps the USD 800 minimum protected.
request_130,552.67,affordable_later,wait,2024-12-14:1978.80,2024-12-14,none,Pay USD 1978.8 in full on 2024-12-14. Paying earlier would put the USD 1400 minimum at risk.
request_131,1468.25,affordable_with_plan,installments,2025-05-06:643.14|2025-06-03:643.14|2025-07-01:643.14,2025-05-14,none,"use 3 installments of USD 643.14, starting 2025-05-06. This leaves at least USD 1100 available. Plan: 2025-05-06:643.14|2025-06-03:643.14|2025-07-01:643.14."
request_132,350.42,affordable_later,wait,2026-01-14:379.86,2026-01-14,none,Pay USD 379.86 in full on 2026-01-14. Paying earlier would put the USD 1100 minimum at risk.
request_133,0,not_affordable,not_recommended,none,,none,Do not proceed with the IDR 1.577e+07 request. No eligible payment keeps the IDR 9.9862e+06 minimum protected.
request_134,4842436.01,affordable_later,wait,2025-08-14:21831000,2025-08-14,none,Pay IDR 2.1831e+07 in full on 2025-08-14. Paying earlier would put the IDR 1.59025e+07 minimum at risk.
request_135,277.29,affordable_with_plan,full_payment,2026-07-06:304.80,2026-07-15,reduce_to:event_12413:11.50|reduce_to:event_12458:17.50,"Apply spending changes (reduce_to:event_12413:11.50|reduce_to:event_12458:17.50), then pay USD 304.8 today. This keeps the USD 500 minimum available over the next 90 days."
request_136,560.40,affordable_now,full_payment,2024-06-03:560.40,2024-06-03,none,pay USD 560.4 today. This keeps the USD 1100 minimum available over the next 90 days.
request_137,33461.78,affordable_later,wait,2026-01-13:80100,2026-01-13,none,Pay INR 80100 in full on 2026-01-13. Paying earlier would put the INR 71800 minimum at risk.
request_138,1003.36,affordable_with_plan,partial_payment,2026-04-07:1003.36|2026-04-14:253.58,2026-04-14,none,Pay EUR 1003.36 today and the remaining EUR 253.58 on 2026-04-14. This completes the full request and keeps the EUR 2300 minimum protected.
request_139,1828.65,affordable_with_plan,installments,2024-09-07:802.88|2024-10-08:802.88|2024-11-08:802.88,2024-09-14,none,"use 3 installments of USD 802.88, starting 2024-09-07. This leaves at least USD 1500 available. Plan: 2024-09-07:802.88|2024-10-08:802.88|2024-11-08:802.88."
request_140,0,not_affordable,not_recommended,none,,none,Do not proceed with the ZAR 62832 request. No eligible payment keeps the ZAR 21600 minimum protected.
request_141,22478.42,not_affordable,not_recommended,none,,none,Do not proceed with the INR 171600 request. No eligible payment keeps the INR 67300 minimum protected.
request_142,728.81,not_affordable,not_recommended,none,,none,Do not proceed with the USD 1263.6 request. No eligible payment keeps the USD 1700 minimum protected.
request_143,3073.55,affordable_later,wait,2025-07-14:12584,2025-07-14,none,Pay ZAR 12584 in full on 2025-07-14. Paying earlier would put the ZAR 11300 minimum at risk.
request_144,0,not_affordable,not_recommended,none,,none,Do not proceed with the USD 233.34 request. No eligible payment keeps the USD 600 minimum protected.
request_145,27402.95,affordable_with_plan,installments,2024-03-20:75365.33|2024-04-20:75365.33|2024-05-21:75365.33,2024-03-16,none,"use 3 installments of INR 75365.3, starting 2024-03-20. This leaves at least INR 155400 available. Plan: 2024-03-20:75365.33|2024-04-20:75365.33|2024-05-21:75365.33."
request_146,30271.02,affordable_later,wait,2025-10-13:449400,2025-10-13,none,Pay INR 449400 in full on 2025-10-13. Paying earlier would put the INR 108600 minimum at risk.
request_147,0,not_affordable,not_recommended,none,,none,Do not proceed with the EUR 1129.7 request. No eligible payment keeps the EUR 900 minimum protected.
request_148,7165.29,affordable_with_plan,installments,2024-06-14:7710.56|2024-07-15:7710.56|2024-08-15:7710.56,2024-07-14,none,"use 3 installments of ZAR 7710.56, starting 2024-06-14. This leaves at least ZAR 20000 available. Plan: 2024-06-14:7710.56|2024-07-15:7710.56|2024-08-15:7710.56."
request_149,24827.41,affordable_with_plan,installments,2025-11-18:12706.03|2025-12-16:12706.03|2026-01-13:12706.03,2025-11-14,none,"use 3 installments of ZAR 12706, starting 2025-11-18. This leaves at least ZAR 42100 available. Plan: 2025-11-18:12706.03|2025-12-16:12706.03|2026-01-13:12706.03."
request_150,369.95,affordable_with_plan,installments,2026-01-06:171.98|2026-02-05:171.98|2026-03-07:171.98,2026-01-14,none,"use 3 installments of EUR 171.98, starting 2026-01-06. This leaves at least EUR 700 available. Plan: 2026-01-06:171.98|2026-02-05:171.98|2026-03-07:171.98."
request_151,26999000,affordable_now,full_payment,2024-09-03:26999000,2024-09-03,none,pay IDR 2.6999e+07 today. This keeps the IDR 3.16336e+07 minimum available over the next 90 days.
request_152,11900.07,affordable_with_plan,installments,2025-02-12:4812.43|2025-03-12:4812.43|2025-04-09:4812.43,2025-04-15,reduce_to:event_14024:234.30,"Apply spending changes (reduce_to:event_14024:234.30), then use 3 installments of ZAR 4812.43, starting 2025-02-12. This leaves at least ZAR 11900 available. Plan: 2025-02-12:4812.43|2025-03-12:4812.43|2025-04-09:4812.43."
request_153,126.92,not_affordable,not_recommended,none,,none,Do not proceed with the USD 2830.8 request. No eligible payment keeps the USD 1400 minimum protected.
request_154,1625.80,affordable_with_plan,installments,2024-12-04:563.61|2025-01-04:563.61|2025-02-04:563.61,2024-12-04,none,"use 3 installments of EUR 563.61, starting 2024-12-04. This leaves at least EUR 1300 available. Plan: 2024-12-04:563.61|2025-01-04:563.61|2025-02-04:563.61."
request_155,93950.08,not_affordable,not_recommended,none,,none,Do not proceed with the INR 112500 request. No eligible payment keeps the INR 56300 minimum protected.
request_156,9488.22,affordable_later,wait,2026-06-13:43076,2026-06-13,none,Pay ZAR 43076 in full on 2026-06-13. Paying earlier would put the ZAR 26900 minimum at risk.
request_157,5554190.94,affordable_later,wait,2024-03-14:23503000,2024-03-14,none,Pay IDR 2.3503e+07 in full on 2024-03-14. Paying earlier would put the IDR 1.57141e+07 minimum at risk.
request_158,208300.31,not_affordable,not_recommended,none,,none,Do not proceed with the INR 242600 request. No eligible payment keeps the INR 131400 minimum protected.
request_159,0,not_affordable,not_recommended,none,,none,Do not proceed with the ZAR 13398 request. No eligible payment keeps the ZAR 8700 minimum protected.
request_160,571.54,affordable_with_plan,installments,2024-06-13:432.05|2024-07-14:432.05|2024-08-14:432.05,2024-07-14,none,"use 3 installments of EUR 432.05, starting 2024-06-13. This leaves at least EUR 1200 available. Plan: 2024-06-13:432.05|2024-07-14:432.05|2024-08-14:432.05."
request_161,0,not_affordable,not_recommended,none,,none,Do not proceed with the IDR 2.1204e+07 request. No eligible payment keeps the IDR 2.30104e+07 minimum protected.
request_162,1433045.66,not_affordable,not_recommended,none,,none,Do not proceed with the IDR 8.3923e+07 request. No eligible payment keeps the IDR 2.41611e+07 minimum protected.
request_163,12527426.51,affordable_with_plan,installments,2024-09-10:6692053.33|2024-10-11:6692053.33|2024-11-11:6692053.33,2024-09-14,none,"use 3 installments of IDR 6.69205e+06, starting 2024-09-10. This leaves at least IDR 2.67287e+07 available. Plan: 2024-09-10:6692053.33|2024-10-11:6692053.33|2024-11-11:6692053.33."
request_164,27018000,affordable_with_plan,installments,2025-02-11:9366240|2025-03-11:9366240|2025-04-08:9366240,2025-02-04,none,"use 3 installments of IDR 9.36624e+06, starting 2025-02-11. This leaves at least IDR 2.95505e+07 available. Plan: 2025-02-11:9366240|2025-03-11:9366240|2025-04-08:9366240."
request_165,80600,affordable_now,full_payment,2026-04-06:80600,2026-04-06,none,pay INR 80600 today. This keeps the INR 95000 minimum available over the next 90 days.
request_166,2907.60,affordable_with_plan,installments,2024-12-03:1007.97|2025-01-03:1007.97|2025-02-03:1007.97,2024-12-03,none,"use 3 installments of USD 1007.97, starting 2024-12-03. This leaves at least USD 1700 available. Plan: 2024-12-03:1007.97|2025-01-03:1007.97|2025-02-03:1007.97."
request_167,43802,affordable_now,full_payment,2025-05-05:43802,2025-05-05,none,pay ZAR 43802 today. This keeps the ZAR 31200 minimum available over the next 90 days.
request_168,33299.29,affordable_with_plan,partial_payment,2026-01-07:33299.29|2026-01-14:16080.71,2026-01-14,none,Pay INR 33299.3 today and the remaining INR 16080.7 on 2026-01-14. This completes the full request and keeps the INR 114400 minimum protected.
request_169,41976,affordable_now,full_payment,2024-03-04:41976,2024-03-04,none,pay ZAR 41976 today. This keeps the ZAR 18700 minimum available over the next 90 days.
request_170,33759127.13,affordable_with_plan,installments,2025-08-06:12804480|2025-09-03:12804480|2025-10-01:12804480,2025-08-14,none,"use 3 installments of IDR 1.28045e+07, starting 2025-08-06. This leaves at least IDR 2.47158e+07 available. Plan: 2025-08-06:12804480|2025-09-03:12804480|2025-10-01:12804480."
request_171,31.24,not_affordable,not_recommended,none,,none,Do not proceed with the EUR 1878.8 request. No eligible payment keeps the EUR 500 minimum protected.
request_172,10199.99,affordable_with_plan,partial_payment,2024-06-05:10199.99|2024-06-06:0.01,2024-06-05,none,Pay ZAR 10200 today and the remaining ZAR 0.01 on 2024-06-06. This completes the full request and keeps the ZAR 27200 minimum protected.
request_173,68175.04,affordable_with_plan,installments,2025-11-21:39173.33|2025-12-19:39173.33|2026-01-16:39173.33,,reduce_to:event_15946:2105,"Apply spending changes (reduce_to:event_15946:2105), then use 3 installments of INR 39173.3, starting 2025-11-21. This leaves at least INR 79100 available. Plan: 2025-11-21:39173.33|2025-12-19:39173.33|2026-01-16:39173.33."
request_174,1146.20,affordable_with_plan,installments,2026-04-04:397.35|2026-05-04:397.35|2026-06-03:397.35,2026-04-04,none,"use 3 installments of EUR 397.35, starting 2026-04-04. This leaves at least EUR 700 available. Plan: 2026-04-04:397.35|2026-05-04:397.35|2026-06-03:397.35."
request_175,2346.30,affordable_now,full_payment,2024-09-06:2346.30,2024-09-06,none,pay EUR 2346.3 today. This keeps the EUR 1700 minimum available over the next 90 days.
request_176,402.69,not_affordable,not_recommended,none,,none,Do not proceed with the EUR 1239.7 request. No eligible payment keeps the EUR 600 minimum protected.
request_177,1017.60,affordable_now,full_payment,2026-01-05:1017.60,2026-01-05,none,pay USD 1017.6 today. This keeps the USD 1300 minimum available over the next 90 days.
request_178,2938.10,affordable_with_plan,installments,2024-12-07:1018.54|2025-01-07:1018.54|2025-02-07:1018.54,2024-12-08,none,"use 3 installments of EUR 1018.54, starting 2024-12-07. This leaves at least EUR 1400 available. Plan: 2024-12-07:1018.54|2025-01-07:1018.54|2025-02-07:1018.54."
request_179,21877103.52,affordable_later,wait,2025-07-14:41648000,2025-07-14,none,Pay IDR 4.1648e+07 in full on 2025-07-14. Paying earlier would put the IDR 4.14308e+07 minimum at risk.
request_180,0,not_affordable,not_recommended,none,,none,Do not proceed with the INR 66500 request. No eligible payment keeps the INR 37300 minimum protected.
request_181,294.15,not_affordable,not_recommended,none,,none,Do not proceed with the USD 5059.2 request. No eligible payment keeps the USD 2000 minimum protected.
request_182,65714,affordable_now,full_payment,2025-08-05:65714,2025-08-05,none,pay ZAR 65714 today. This keeps the ZAR 31100 minimum available over the next 90 days.
request_183,24169616.07,affordable_with_plan,installments,2026-04-10:9313546.67|2026-05-10:9313546.67|2026-06-09:9313546.67,2026-04-14,none,"use 3 installments of IDR 9.31355e+06, starting 2026-04-10. This leaves at least IDR 1.18783e+07 available. Plan: 2026-04-10:9313546.67|2026-05-10:9313546.67|2026-06-09:9313546.67."
request_184,15917.15,not_affordable,not_recommended,none,,none,Do not proceed with the INR 251900 request. No eligible payment keeps the INR 110800 minimum protected.
request_185,407.31,affordable_later,wait,2026-01-13:1257.30,2026-01-13,none,Pay EUR 1257.3 in full on 2026-01-13. Paying earlier would put the EUR 1300 minimum at risk.
request_186,12067.33,affordable_later,wait,2026-01-14:26554,2026-01-14,none,Pay ZAR 26554 in full on 2026-01-14. Paying earlier would put the ZAR 22000 minimum at risk.
request_187,37569.51,affordable_later,wait,2024-11-13:187500,2024-11-13,none,Pay INR 187500 in full on 2024-11-13. Paying earlier would put the INR 128300 minimum at risk.
request_188,152.01,not_affordable,not_recommended,none,,none,Do not proceed with the EUR 2464 request. No eligible payment keeps the EUR 900 minimum protected.
request_189,488.40,affordable_now,full_payment,2026-07-04:488.40,2026-07-04,none,pay EUR 488.4 today. This keeps the EUR 400 minimum available over the next 90 days.
request_190,618.88,affordable_later,wait,2025-02-13:2557.50,2025-02-13,none,Pay EUR 2557.5 in full on 2025-02-13. Paying earlier would put the EUR 1600 minimum at risk.
request_191,664.40,affordable_now,full_payment,2025-05-03:664.40,2025-05-03,none,pay EUR 664.4 today. This keeps the EUR 500 minimum available over the next 90 days.
request_192,242.61,not_affordable,not_recommended,none,,none,Do not proceed with the USD 2046 request. No eligible payment keeps the USD 1000 minimum protected.
request_193,153.24,affordable_with_plan,installments,2024-03-21:420.23|2024-04-21:420.23|2024-05-22:420.23,2024-03-14,none,"use 3 installments of EUR 420.23, starting 2024-03-21. This leaves at least EUR 1000 available. Plan: 2024-03-21:420.23|2024-04-21:420.23|2024-05-22:420.23."
request_194,39502.60,affordable_later,wait,2025-08-14:132800,2025-08-14,none,Pay INR 132800 in full on 2025-08-14. Paying earlier would put the INR 113600 minimum at risk.
request_195,970,affordable_with_plan,installments,2026-01-09:405.74|2026-02-08:405.74|2026-03-10:405.74,2026-01-14,none,"use 3 installments of EUR 405.74, starting 2026-01-09. This leaves at least EUR 700 available. Plan: 2026-01-09:405.74|2026-02-08:405.74|2026-03-10:405.74."
request_196,762.30,affordable_now,full_payment,2024-06-03:762.30,2024-06-03,none,pay EUR 762.3 today. This keeps the EUR 500 minimum available over the next 90 days.
request_197,0,not_affordable,not_recommended,none,,none,Do not proceed with the IDR 5.0939e+07 request. No eligible payment keeps the IDR 2.62459e+07 minimum protected.
request_198,185800,affordable_now,full_payment,2026-07-07:185800,2026-07-07,none,pay INR 185800 today. This keeps the INR 124300 minimum available over the next 90 days.
request_199,23674000,affordable_with_plan,installments,2024-09-07:8206986.67|2024-10-08:8206986.67|2024-11-08:8206986.67,2024-09-04,none,"use 3 installments of IDR 8.20699e+06, starting 2024-09-07. This leaves at least IDR 2.53595e+07 available. Plan: 2024-09-07:8206986.67|2024-10-08:8206986.67|2024-11-08:8206986.67."
request_200,21717000,affordable_now,full_payment,2025-02-06:21717000,2025-02-06,none,pay IDR 2.1717e+07 today. This keeps the IDR 2.01146e+07 minimum available over the next 90 days.
request_201,23460720.54,affordable_with_plan,full_payment,2026-04-03:23997000,,stop:event_18493,"Apply spending changes (stop:event_18493), then pay IDR 2.3997e+07 today. This keeps the IDR 1.73045e+07 minimum available over the next 90 days."
request_202,123900,affordable_now,full_payment,2024-12-05:123900,2024-12-05,none,pay INR 123900 today. This keeps the INR 147800 minimum available over the next 90 days.
request_203,1442.10,affordable_with_plan,installments,2025-05-10:499.93|2025-06-07:499.93|2025-07-05:499.93,2025-05-07,none,"use 3 installments of EUR 499.93, starting 2025-05-10. This leaves at least EUR 1400 available. Plan: 2025-05-10:499.93|2025-06-07:499.93|2025-07-05:499.93."
request_204,0,not_affordable,not_recommended,none,,none,Do not proceed with the EUR 588.74 request. No eligible payment keeps the EUR 1300 minimum protected.
request_205,10621000,affordable_now,full_payment,2024-03-06:10621000,2024-03-06,none,pay IDR 1.0621e+07 today. This keeps the IDR 1.39943e+07 minimum available over the next 90 days.
request_206,1404.69,affordable_with_plan,partial_payment,2025-08-03:1404.69|2025-08-04:0.01,2025-08-03,none,Pay EUR 1404.69 today and the remaining EUR 0.01 on 2025-08-04. This completes the full request and keeps the EUR 900 minimum protected.
request_207,7090.96,affordable_later,wait,2026-07-15:11830,2026-07-15,none,Pay ZAR 11830 in full on 2026-07-15. Paying earlier would put the ZAR 13600 minimum at risk.
request_208,3424607.54,affordable_later,wait,2024-06-14:4413000,2024-06-14,none,Pay IDR 4.413e+06 in full on 2024-06-14. Paying earlier would put the IDR 1.04707e+07 minimum at risk.
request_209,1760.85,not_affordable,not_recommended,none,,none,Do not proceed with the ZAR 56914 request. No eligible payment keeps the ZAR 18400 minimum protected.
request_210,1147.53,affordable_with_plan,partial_payment,2026-04-06:1147.53|2026-04-14:212.49,2026-04-14,none,Pay USD 1147.53 today and the remaining USD 212.49 on 2026-04-14. This completes the full request and keeps the USD 2000 minimum protected.
request_211,817.20,affordable_later,wait,2024-09-13:1788.60,2024-09-13,none,Pay EUR 1788.6 in full on 2024-09-13. Paying earlier would put the EUR 1500 minimum at risk.
request_212,7863718.70,not_affordable,not_recommended,none,,none,Do not proceed with the IDR 7.1934e+07 request. No eligible payment keeps the IDR 2.95798e+07 minimum protected.
request_213,2484.81,not_affordable,not_recommended,none,,none,Do not proceed with the USD 3362.4 request. No eligible payment keeps the USD 2100 minimum protected.
request_214,49909.88,affordable_with_plan,partial_payment,2024-12-04:49909.88|2024-12-15:19840.12,2024-12-15,none,Pay INR 49909.9 today and the remaining INR 19840.1 on 2024-12-15. This completes the full request and keeps the INR 174900 minimum protected.
request_215,27909.94,not_affordable,not_recommended,none,,none,Do not proceed with the ZAR 29986 request. No eligible payment keeps the ZAR 15700 minimum protected.
request_216,489.88,affordable_later,wait,2026-09-13:3332.40,2026-09-13,none,Pay USD 3332.4 in full on 2026-09-13. Paying earlier would put the USD 1800 minimum at risk.
request_217,19470.25,affordable_with_plan,installments,2024-03-19:12889.07|2024-04-19:12889.07|2024-05-20:12889.07,2024-03-15,none,"use 3 installments of ZAR 12889.1, starting 2024-03-19. This leaves at least ZAR 26800 available. Plan: 2024-03-19:12889.07|2024-04-19:12889.07|2024-05-20:12889.07."
request_218,30297828.71,affordable_with_plan,installments,2025-08-07:21195893.33|2025-09-04:21195893.33|2025-10-02:21195893.33,2025-08-14,none,"use 3 installments of IDR 2.11959e+07, starting 2025-08-07. This leaves at least IDR 3.44772e+07 available. Plan: 2025-08-07:21195893.33|2025-09-04:21195893.33|2025-10-02:21195893.33."
request_219,0,not_affordable,not_recommended,none,,none,Do not proceed with the EUR 1673.1 request. No eligible payment keeps the EUR 1100 minimum protected.
request_220,58.12,not_affordable,not_recommended,none,2024-07-13,none,Do not proceed with the EUR 3118.5 request. No eligible payment keeps the EUR 1100 minimum protected.
request_221,109800,affordable_now,full_payment,2025-11-03:109800,2025-11-03,none,pay INR 109800 today. This keeps the INR 81500 minimum available over the next 90 days.
request_222,31470.76,not_affordable,not_recommended,none,,none,Do not proceed with the ZAR 34078 request. No eligible payment keeps the ZAR 27300 minimum protected.
request_223,898.70,affordable_now,full_payment,2024-09-07:898.70,2024-09-07,none,pay EUR 898.7 today. This keeps the EUR 800 minimum available over the next 90 days.
request_224,10326999.99,affordable_with_plan,partial_payment,2025-02-04:10326999.99|2025-02-05:0.01,2025-02-04,none,Pay IDR 1.0327e+07 today and the remaining IDR 0.01 on 2025-02-05. This completes the full request and keeps the IDR 2.21876e+07 minimum protected.
request_225,10898473.21,affordable_with_plan,installments,2026-07-20:7647120|2026-08-19:7647120|2026-09-18:7647120,2026-09-13,none,"use 3 installments of IDR 7.64712e+06, starting 2026-07-20. This leaves at least IDR 1.76707e+07 available. Plan: 2026-07-20:7647120|2026-08-19:7647120|2026-09-18:7647120."
request_226,157000,affordable_now,full_payment,2024-12-03:157000,2024-12-03,none,pay INR 157000 today. This keeps the INR 209400 minimum available over the next 90 days.
request_227,17282.99,not_affordable,not_recommended,none,,none,Do not proceed with the INR 259700 request. No eligible payment keeps the INR 62900 minimum protected.
request_228,0,not_affordable,not_recommended,none,,none,Do not proceed with the IDR 6.3327e+07 request. No eligible payment keeps the IDR 2.61912e+07 minimum protected.
request_229,435.58,affordable_with_plan,installments,2024-03-18:529.29|2024-04-18:529.29|2024-05-19:529.29,2024-05-15,none,"use 3 installments of EUR 529.29, starting 2024-03-18. This leaves at least EUR 1000 available. Plan: 2024-03-18:529.29|2024-04-18:529.29|2024-05-19:529.29."
request_230,3537.60,affordable_now,full_payment,2025-08-06:3537.60,2025-08-06,none,pay EUR 3537.6 today. This keeps the EUR 2000 minimum available over the next 90 days.
request_231,35706,affordable_with_plan,installments,2026-01-06:12378.08|2026-02-05:12378.08|2026-03-07:12378.08,2026-01-03,none,"use 3 installments of ZAR 12378.1, starting 2026-01-06. This leaves at least ZAR 24300 available. Plan: 2026-01-06:12378.08|2026-02-05:12378.08|2026-03-07:12378.08."
request_232,0,not_affordable,not_recommended,none,,none,Do not proceed with the EUR 1970.1 request. No eligible payment keeps the EUR 2400 minimum protected.
request_233,0,not_affordable,not_recommended,none,,none,Do not proceed with the IDR 6.241e+06 request. No eligible payment keeps the IDR 1.03657e+07 minimum protected.
request_234,272.16,affordable_later,wait,2026-09-13:1213.30,2026-09-13,none,Pay EUR 1213.3 in full on 2026-09-13. Paying earlier would put the EUR 700 minimum at risk.
request_235,967.20,affordable_now,full_payment,2024-09-06:967.20,2024-09-06,none,pay USD 967.2 today. This keeps the USD 700 minimum available over the next 90 days.
request_236,5842702.55,not_affordable,not_recommended,none,,none,Do not proceed with the IDR 5.2383e+07 request. No eligible payment keeps the IDR 1.67686e+07 minimum protected.
request_237,22361582.15,affordable_with_plan,full_payment,2026-04-05:23826000,,reduce_to:event_21813:548720,"Apply spending changes (reduce_to:event_21813:548720), then pay IDR 2.3826e+07 today. This keeps the IDR 2.24315e+07 minimum available over the next 90 days."
request_238,663.60,affordable_with_plan,installments,2024-12-07:230.05|2025-01-07:230.05|2025-02-07:230.05,2024-12-07,none,"use 3 installments of USD 230.05, starting 2024-12-07. This leaves at least USD 700 available. Plan: 2024-12-07:230.05|2025-01-07:230.05|2025-02-07:230.05."
request_239,0,not_affordable,not_recommended,none,,none,Do not proceed with the USD 642 request. No eligible payment keeps the USD 600 minimum protected.
request_240,0,not_affordable,not_recommended,none,,none,Do not proceed with the INR 101200 request. No eligible payment keeps the INR 52800 minimum protected.
request_241,15902218.79,not_affordable,not_recommended,none,,none,Do not proceed with the IDR 2.1052e+07 request. No eligible payment keeps the IDR 1.9252e+07 minimum protected.
request_242,0,not_affordable,not_recommended,none,,none,Do not proceed with the EUR 1966.8 request. No eligible payment keeps the EUR 600 minimum protected.
request_243,17468,affordable_now,full_payment,2026-07-07:17468,2026-07-07,none,pay ZAR 17468 today. This keeps the ZAR 19900 minimum available over the next 90 days.
request_244,49918,affordable_now,full_payment,2024-06-04:49918,2024-06-04,none,pay ZAR 49918 today. This keeps the ZAR 45900 minimum available over the next 90 days.
request_245,38659.41,affordable_later,wait,2026-01-13:128500,2026-01-13,none,Pay INR 128500 in full on 2026-01-13. Paying earlier would put the INR 94600 minimum at risk.
request_246,64086,affordable_with_plan,installments,2026-04-03:22216.48|2026-05-03:22216.48|2026-06-02:22216.48,2026-04-03,none,"use 3 installments of ZAR 22216.5, starting 2026-04-03. This leaves at least ZAR 39300 available. Plan: 2026-04-03:22216.48|2026-05-03:22216.48|2026-06-02:22216.48."
request_247,1059.30,affordable_now,full_payment,2024-09-05:1059.30,2024-09-05,none,pay EUR 1059.3 today. This keeps the EUR 1300 minimum available over the next 90 days.
request_248,932.90,affordable_with_plan,partial_payment,2025-02-07:932.90|2025-04-15:1032.70,2025-04-15,none,Pay USD 932.9 today and the remaining USD 1032.7 on 2025-04-15. This completes the full request and keeps the USD 1300 minimum protected.
request_249,142.19,not_affordable,not_recommended,none,,none,Do not proceed with the USD 643.2 request. No eligible payment keeps the USD 600 minimum protected.
request_250,15659.46,not_affordable,not_recommended,none,,none,Do not proceed with the ZAR 124278 request. No eligible payment keeps the ZAR 35300 minimum protected.
request_251,992.03,not_affordable,not_recommended,none,,none,Do not proceed with the EUR 1513.6 request. No eligible payment keeps the EUR 1300 minimum protected.
request_252,4691641.30,affordable_later,wait,2026-09-13:28082000,2026-09-13,none,Pay IDR 2.8082e+07 in full on 2026-09-13. Paying earlier would put the IDR 1.51522e+07 minimum at risk.
request_253,1368.91,affordable_with_plan,installments,2024-03-21:984.60|2024-04-21:984.60|2024-05-22:984.60,2024-05-15,none,"use 3 installments of EUR 984.6, starting 2024-03-21. This leaves at least EUR 2300 available. Plan: 2024-03-21:984.60|2024-04-21:984.60|2024-05-22:984.60."
request_254,880.64,affordable_later,wait,2025-10-13:3535.20,2025-10-13,none,Pay USD 3535.2 in full on 2025-10-13. Paying earlier would put the USD 2500 minimum at risk.
request_255,3345000,affordable_now,full_payment,2026-04-06:3345000,2026-04-06,none,pay IDR 3.345e+06 today. This keeps the IDR 9.8139e+06 minimum available over the next 90 days.
request_256,0,not_affordable,not_recommended,none,,none,Do not proceed with the INR 218700 request. No eligible payment keeps the INR 168600 minimum protected.
request_257,588.28,affordable_later,wait,2025-11-14:1352.40,2025-11-14,none,Pay USD 1352.4 in full on 2025-11-14. Paying earlier would put the USD 1600 minimum at risk.
request_258,1113.60,affordable_now,full_payment,2026-01-07:1113.60,2026-01-07,none,pay USD 1113.6 today. This keeps the USD 500 minimum available over the next 90 days.
request_259,447.62,affordable_later,wait,2024-11-13:935,2024-11-13,none,Pay EUR 935 in full on 2024-11-13. Paying earlier would put the EUR 600 minimum at risk.
request_260,7732192.23,affordable_with_plan,partial_payment,2025-02-06:7732192.23|2025-04-15:44346807.77,2025-04-15,none,Pay IDR 7.73219e+06 today and the remaining IDR 4.43468e+07 on 2025-04-15. This completes the full request and keeps the IDR 2.07277e+07 minimum protected.
request_261,1830.40,affordable_now,full_payment,2026-07-03:1830.40,2026-07-03,none,pay EUR 1830.4 today. This keeps the EUR 1500 minimum available over the next 90 days.
request_262,9236000,affordable_now,full_payment,2024-12-05:9236000,2024-12-05,none,pay IDR 9.236e+06 today. This keeps the IDR 3.10185e+07 minimum available over the next 90 days.
request_263,5970.75,not_affordable,not_recommended,none,,none,Do not proceed with the ZAR 51546 request. No eligible payment keeps the ZAR 24100 minimum protected.
request_264,28384.69,affordable_later,wait,2026-06-13:111300,2026-06-13,none,Pay INR 111300 in full on 2026-06-13. Paying earlier would put the INR 59500 minimum at risk.
request_265,0,not_affordable,not_recommended,none,,none,Do not proceed with the INR 45970 request. No eligible payment keeps the INR 189700 minimum protected.
request_266,935,affordable_with_plan,installments,2025-08-03:324.13|2025-08-31:324.13|2025-09-28:324.13,2025-08-03,none,"use 3 installments of EUR 324.13, starting 2025-08-03. This leaves at least EUR 900 available. Plan: 2025-08-03:324.13|2025-08-31:324.13|2025-09-28:324.13."
request_267,1626.19,affordable_with_plan,installments,2026-01-08:667.33|2026-02-07:667.33|2026-03-09:667.33,2026-03-15,stop:event_24573,"Apply spending changes (stop:event_24573), then use 3 installments of EUR 667.33, starting 2026-01-08. This leaves at least EUR 1500 available. Plan: 2026-01-08:667.33|2026-02-07:667.33|2026-03-09:667.33."
request_268,1044.51,affordable_with_plan,installments,2024-06-14:841.22|2024-07-15:841.22|2024-08-15:841.22,2024-07-14,none,"use 3 installments of EUR 841.22, starting 2024-06-14. This leaves at least EUR 1400 available. Plan: 2024-06-14:841.22|2024-07-15:841.22|2024-08-15:841.22."
request_269,0,not_affordable,not_recommended,none,,none,Do not proceed with the ZAR 15490 request. No eligible payment keeps the ZAR 23100 minimum protected.
request_270,96.23,not_affordable,not_recommended,none,,none,Do not proceed with the USD 3028.8 request. No eligible payment keeps the USD 1400 minimum protected.
request_271,45576.36,affordable_later,wait,2024-09-14:91300,2024-09-14,none,Pay INR 91300 in full on 2024-09-14. Paying earlier would put the INR 58200 minimum at risk.
request_272,6386220.11,affordable_with_plan,installments,2025-02-12:4709466.67|2025-03-12:4709466.67|2025-04-09:4709466.67,2025-03-16,none,"use 3 installments of IDR 4.70947e+06, starting 2025-02-12. This leaves at least IDR 7.5086e+06 available. Plan: 2025-02-12:4709466.67|2025-03-12:4709466.67|2025-04-09:4709466.67."
request_273,9498254.80,affordable_with_plan,partial_payment,2026-04-07:9498254.80|2026-04-14:6362745.20,2026-04-14,none,Pay IDR 9.49825e+06 today and the remaining IDR 6.36275e+06 on 2026-04-14. This completes the full request and keeps the IDR 1.87746e+07 minimum protected.
request_274,2155.39,affordable_with_plan,installments,2024-12-04:940.75|2025-01-04:940.75|2025-02-04:940.75,2025-02-13,reduce_to:event_25181:51.60,"Apply spending changes (reduce_to:event_25181:51.60), then use 3 installments of EUR 940.75, starting 2024-12-04. This leaves at least EUR 1800 available. Plan: 2024-12-04:940.75|2025-01-04:940.75|2025-02-04:940.75."
request_275,15884000,affordable_now,full_payment,2025-05-06:15884000,2025-05-06,none,pay IDR 1.5884e+07 today. This keeps the IDR 1.27601e+07 minimum available over the next 90 days.
